payment_type,total_orders,payment_value,avg_payment
credit_card,71384,13222320.57,185.22807029586463
boleto,18438,3418278.44,185.39312506779476
voucher,4352,817509.64,187.84688419117649
debit_card,2377,442417.02,186.12411442995372
